V (mL),E (V)
0.01,-0.6162192479614153
0.02,-0.6162061111043317
0.03,-0.6161929593437335
0.04,-0.6161797926387678
0.05,-0.6161666109484186
0.06,-0.6161534142315058
0.07,-0.6161402024466849
0.08,-0.6161269755524448
0.09,-0.6161137335071082
0.10,-0.6161004762688306
0.11,-0.6160872037955983
0.12,-0.616073916045229
0.13,-0.6160606129753693
0.14,-0.6160472945434952
0.15,-0.6160339607069106
0.16,-0.616020611422746
0.17,-0.616007246647958
0.18,-0.6159938663393284
0.19,-0.615980470453463
0.20,-0.6159670589467908
0.21,-0.6159536317755627
0.22,-0.6159401888958513
0.23,-0.6159267302635489
0.24,-0.6159132558343674
0.25,-0.6158997655638371
0.26,-0.6158862594073049
0.27,-0.6158727373199344
0.28,-0.6158591992567046
0.29,-0.6158456451724084
0.30,-0.6158320750216515
0.31,-0.6158184887588528
0.32,-0.6158048863382413
0.33,-0.6157912677138566
0.34,-0.6157776328395475
0.35,-0.6157639816689696
0.36,-0.6157503141555868
0.37,-0.615736630252668
0.38,-0.6157229299132869
0.39,-0.6157092130903211
0.40,-0.6156954797364502
0.41,-0.6156817298041555
0.42,-0.6156679632457188
0.43,-0.6156541800132205
0.44,-0.6156403800585395
0.45,-0.6156265633333518
0.46,-0.6156127297891282
0.47,-0.615598879377135
0.48,-0.6155850120484316
0.49,-0.6155711277538696
0.50,-0.6155572264440919
0.51,-0.6155433080695307
0.52,-0.6155293725804076
0.53,-0.6155154199267312
0.54,-0.6155014500582968
0.55,-0.6154874629246839
0.56,-0.6154734584752568
0.57,-0.6154594366591619
0.58,-0.6154453974253266
0.59,-0.615431340722459
0.60,-0.6154172664990455
0.61,-0.6154031747033502
0.62,-0.6153890652834134
0.63,-0.6153749381870504
0.64,-0.6153607933618499
0.65,-0.6153466307551732
0.66,-0.6153324503141522
0.67,-0.615318251985689
0.68,-0.6153040357164533
0.69,-0.6152898014528825
0.70,-0.6152755491411791
0.71,-0.61526127872731
0.72,-0.6152469901570043
0.73,-0.6152326833757541
0.74,-0.6152183583288098
0.75,-0.6152040149611814
0.76,-0.6151896532176356
0.77,-0.6151752730426956
0.78,-0.615160874380638
0.79,-0.615146457175493
0.80,-0.6151320213710418
0.81,-0.6151175669108153
0.82,-0.6151030937380937
0.83,-0.6150886017959032
0.84,-0.6150740910270156
0.85,-0.6150595613739469
0.86,-0.6150450127789557
0.87,-0.6150304451840406
0.88,-0.6150158585309398
0.89,-0.6150012527611297
0.90,-0.6149866278158223
0.91,-0.6149719836359638
0.92,-0.614957320162234
0.93,-0.614942637335044
0.94,-0.6149279350945336
0.95,-0.6149132133805719
0.96,-0.6148984721327535
0.97,-0.6148837112903981
0.98,-0.614868930792548
0.99,-0.6148541305779677
1.00,-0.6148393105851401
1.01,-0.6148244707522672
1.02,-0.6148096110172664
1.03,-0.61479473131777
1.04,-0.6147798315911227
1.05,-0.6147649117743802
1.06,-0.6147499718043072
1.07,-0.6147350116173762
1.08,-0.6147200311497645
1.09,-0.6147050303373537
1.10,-0.6146900091157269
1.11,-0.6146749674201674
1.12,-0.6146599051856565
1.13,-0.6146448223468717
1.14,-0.6146297188381852
1.15,-0.6146145945936611
1.16,-0.6145994495470543
1.17,-0.6145842836318082
1.18,-0.6145690967810529
1.19,-0.6145538889276031
1.20,-0.6145386600039561
1.21,-0.6145234099422895
1.22,-0.6145081386744602
1.23,-0.6144928461320012
1.24,-0.6144775322461202
1.25,-0.6144621969476972
1.26,-0.6144468401672827
1.27,-0.6144314618350953
1.28,-0.61441606188102
1.29,-0.6144006402346057
1.30,-0.6143851968250631
1.31,-0.6143697315812625
1.32,-0.614354244431732
1.33,-0.6143387353046548
1.34,-0.6143232041278669
1.35,-0.6143076508288557
1.36,-0.6142920753347568
1.37,-0.6142764775723522
1.38,-0.6142608574680677
1.39,-0.6142452149479711
1.40,-0.6142295499377692
1.41,-0.6142138623628063
1.42,-0.6141981521480606
1.43,-0.6141824192181432
1.44,-0.6141666634972949
1.45,-0.6141508849093833
1.46,-0.6141350833779016
1.47,-0.6141192588259654
1.48,-0.6141034111763098
1.49,-0.6140875403512881
1.50,-0.6140716462728677
1.51,-0.6140557288626294
1.52,-0.6140397880417624
1.53,-0.6140238237310645
1.54,-0.6140078358509375
1.55,-0.6139918243213851
1.56,-0.6139757890620101
1.57,-0.6139597299920126
1.58,-0.613943647030186
1.59,-0.6139275400949148
1.60,-0.6139114091041727
1.61,-0.6138952539755181
1.62,-0.6138790746260929
1.63,-0.6138628709726188
1.64,-0.6138466429313947
1.65,-0.6138303904182936
1.66,-0.6138141133487602
1.67,-0.6137978116378078
1.68,-0.6137814852000151
1.69,-0.613765133949523
1.70,-0.6137487578000328
1.71,-0.6137323566648017
1.72,-0.6137159304566407
1.73,-0.6136994790879113
1.74,-0.6136830024705222
1.75,-0.6136665005159265
1.76,-0.6136499731351182
1.77,-0.6136334202386295
1.78,-0.613616841736527
1.79,-0.6136002375384086
1.80,-0.613583607553401
1.81,-0.6135669516901554
1.82,-0.6135502698568448
1.83,-0.6135335619611599
1.84,-0.613516827910307
1.85,-0.6135000676110034
1.86,-0.6134832809694746
1.87,-0.6134664678914505
1.88,-0.6134496282821622
1.89,-0.6134327620463381
1.90,-0.6134158690882009
1.91,-0.6133989493114634
1.92,-0.6133820026193253
1.93,-0.6133650289144691
1.94,-0.613348028099057
1.95,-0.613331000074727
1.96,-0.6133139447425885
1.97,-0.6132968620032193
1.98,-0.6132797517566619
1.99,-0.6132626139024189
2.00,-0.6132454483394492
2.01,-0.6132282549661644
2.02,-0.6132110336804254
2.03,-0.6131937843795372
2.04,-0.6131765069602455
2.05,-0.6131592013187326
2.06,-0.6131418673506135
2.07,-0.6131245049509312
2.08,-0.613107114014153
2.09,-0.6130896944341659
2.10,-0.6130722461042728
2.11,-0.6130547689171879
2.12,-0.6130372627650325
2.13,-0.6130197275393299
2.14,-0.6130021631310024
2.15,-0.6129845694303657
2.16,-0.6129669463271249
2.17,-0.6129492937103695
2.18,-0.6129316114685694
2.19,-0.6129138994895699
2.20,-0.6128961576605869
2.21,-0.6128783858682028
2.22,-0.6128605839983611
2.23,-0.6128427519363618
2.24,-0.6128248895668567
2.25,-0.6128069967738443
2.26,-0.6127890734406649
2.27,-0.6127711194499958
2.28,-0.6127531346838462
2.29,-0.6127351190235515
2.30,-0.6127170723497695
2.31,-0.6126989945424738
2.32,-0.6126808854809495
2.33,-0.6126627450437873
2.34,-0.6126445731088789
2.35,-0.6126263695534109
2.36,-0.6126081342538596
2.37,-0.612589867085986
2.38,-0.6125715679248294
2.39,-0.6125532366447024
2.40,-0.612534873119185
2.41,-0.6125164772211191
2.42,-0.6124980488226028
2.43,-0.6124795877949839
2.44,-0.6124610940088552
2.45,-0.6124425673340472
2.46,-0.6124240076396233
2.47,-0.6124054147938736
2.48,-0.6123867886643075
2.49,-0.6123681291176494
2.50,-0.612349436019831
2.51,-0.6123307092359862
2.52,-0.6123119486304435
2.53,-0.6122931540667207
2.54,-0.6122743254075176
2.55,-0.6122554625147102
2.56,-0.6122365652493433
2.57,-0.6122176334716246
2.58,-0.6121986670409173
2.59,-0.6121796658157337
2.60,-0.6121606296537281
2.61,-0.61214155841169
2.62,-0.6121224519455372
2.63,-0.6121033101103082
2.64,-0.6120841327601558
2.65,-0.612064919748339
2.66,-0.6120456709272164
2.67,-0.6120263861482386
2.68,-0.6120070652619405
2.69,-0.6119877081179341
2.70,-0.6119683145649008
2.71,-0.6119488844505833
2.72,-0.6119294176217787
2.73,-0.6119099139243296
2.74,-0.6118903732031171
2.75,-0.6118707953020524
2.76,-0.6118511800640682
2.77,-0.6118315273311116
2.78,-0.6118118369441348
2.79,-0.6117921087430873
2.80,-0.6117723425669076
2.81,-0.6117525382535138
2.82,-0.6117326956397962
2.83,-0.6117128145616075
2.84,-0.6116928948537546
2.85,-0.6116729363499896
2.86,-0.611652938883001
2.87,-0.6116329022844036
2.88,-0.6116128263847309
2.89,-0.6115927110134246
2.90,-0.6115725559988255
2.91,-0.6115523611681645
2.92,-0.6115321263475522
2.93,-0.6115118513619698
2.94,-0.6114915360352593
2.95,-0.6114711801901134
2.96,-0.6114507836480649
2.97,-0.6114303462294782
2.98,-0.6114098677535373
2.99,-0.6113893480382365
3.00,-0.6113687869003699
3.01,-0.61134818415552
3.02,-0.611327539618048
3.03,-0.6113068531010825
3.04,-0.6112861244165088
3.05,-0.6112653533749575
3.06,-0.6112445397857939
3.07,-0.6112236834571058
3.08,-0.6112027841956931
3.09,-0.6111818418070556
3.10,-0.6111608560953816
3.11,-0.611139826863536
3.12,-0.611118753913048
3.13,-0.6110976370440999
3.14,-0.6110764760555143
3.15,-0.6110552707447413
3.16,-0.6110340209078471
3.17,-0.6110127263395007
3.18,-0.6109913868329606
3.19,-0.6109700021800633
3.20,-0.6109485721712089
3.21,-0.6109270965953487
3.22,-0.6109055752399711
3.23,-0.610884007891089
3.24,-0.6108623943332251
3.25,-0.6108407343493988
3.26,-0.610819027721112
3.27,-0.6107972742283345
3.28,-0.6107754736494906
3.29,-0.6107536257614434
3.30,-0.6107317303394811
3.31,-0.6107097871573021
3.32,-0.610687795986999
3.33,-0.6106657565990445
3.34,-0.6106436687622756
3.35,-0.6106215322438779
3.36,-0.6105993468093702
3.37,-0.6105771122225883
3.38,-0.6105548282456685
3.39,-0.6105324946390326
3.40,-0.6105101111613697
3.41,-0.6104876775696206
3.42,-0.6104651936189609
3.43,-0.6104426590627829
3.44,-0.6104200736526793
3.45,-0.6103974371384253
3.46,-0.6103747492679608
3.47,-0.6103520097873725
3.48,-0.6103292184408755
3.49,-0.6103063749707955
3.50,-0.6102834791175493
3.51,-0.6102605306196265
3.52,-0.6102375292135701
3.53,-0.6102144746339577
3.54,-0.6101913666133814
3.55,-0.6101682048824278
3.56,-0.6101449891696588
3.57,-0.6101217192015901
3.58,-0.6100983947026718
3.59,-0.6100750153952668
3.60,-0.6100515809996296
3.61,-0.610028091233886
3.62,-0.61000454581401
3.63,-0.6099809444538028
3.64,-0.6099572868648706
3.65,-0.6099335727566018
3.66,-0.6099098018361443
3.67,-0.6098859738083826
3.68,-0.6098620883759145
3.69,-0.6098381452390269
3.70,-0.6098141440956728
3.71,-0.6097900846414462
3.72,-0.6097659665695576
3.73,-0.6097417895708099
3.74,-0.6097175533335717
3.75,-0.6096932575437535
3.76,-0.6096689018847803
3.77,-0.6096444860375663
3.78,-0.6096200096804876
3.79,-0.6095954724893562
3.80,-0.6095708741373917
3.81,-0.6095462142951942
3.82,-0.6095214926307163
3.83,-0.6094967088092345
3.84,-0.6094718624933204
3.85,-0.6094469533428116
3.86,-0.6094219810147824
3.87,-0.6093969451635133
3.88,-0.609371845440461
3.89,-0.6093466814942274
3.90,-0.6093214529705289
3.91,-0.609296159512164
3.92,-0.6092708007589819
3.93,-0.6092453763478495
3.94,-0.6092198859126188
3.95,-0.6091943290840933
3.96,-0.6091687054899944
3.97,-0.6091430147549266
3.98,-0.6091172565003431
3.99,-0.6090914303445101
4.00,-0.6090655359024716
4.01,-0.6090395727860123
4.02,-0.6090135406036216
4.03,-0.6089874389604555
4.04,-0.6089612674582995
4.05,-0.6089350256955294
4.06,-0.6089087132670732
4.07,-0.6088823297643704
4.08,-0.6088558747753336
4.09,-0.6088293478843062
4.10,-0.6088027486720224
4.11,-0.6087760767155643
4.12,-0.6087493315883207
4.13,-0.6087225128599425
4.14,-0.6086956200963007
4.15,-0.6086686528594409
4.16,-0.6086416107075387
4.17,-0.6086144931948541
4.18,-0.6085872998716848
4.19,-0.6085600302843202
4.20,-0.6085326839749927
4.21,-0.6085052604818297
4.22,-0.6084777593388047
4.23,-0.6084501800756865
4.24,-0.6084225222179904
4.25,-0.6083947852869249
4.26,-0.6083669687993407
4.27,-0.6083390722676775
4.28,-0.60831109519991
4.29,-0.608283037099494
4.30,-0.6082548974653104
4.31,-0.608226675791609
4.32,-0.608198371567952
4.33,-0.6081699842791551
4.34,-0.6081415134052297
4.35,-0.608112958421322
4.36,-0.608084318797653
4.37,-0.6080555939994567
4.38,-0.6080267834869177
4.39,-0.6079978867151067
4.40,-0.607968903133917
4.41,-0.6079398321879981
4.42,-0.6079106733166891
4.43,-0.6078814259539517
4.44,-0.6078520895283002
4.45,-0.6078226634627326
4.46,-0.6077931471746588
4.47,-0.607763540075829
4.48,-0.6077338415722601
4.49,-0.6077040510641608
4.50,-0.6076741679458566
4.51,-0.6076441916057123
4.52,-0.6076141214260535
4.53,-0.607583956783088
4.54,-0.6075536970468239
4.55,-0.6075233415809881
4.56,-0.6074928897429421
4.57,-0.6074623408835986
4.58,-0.6074316943473326
4.59,-0.6074009494718959
4.60,-0.607370105588327
4.61,-0.60733916202086
4.62,-0.6073081180868326
4.63,-0.6072769730965926
4.64,-0.6072457263534013
4.65,-0.6072143771533378
4.66,-0.6071829247851992
4.67,-0.6071513685304007
4.68,-0.607119707662873
4.69,-0.6070879414489585
4.70,-0.6070560691473058
4.71,-0.6070240900087613
4.72,-0.6069920032762607
4.73,-0.6069598081847167
4.74,-0.6069275039609064
4.75,-0.6068950898233552
4.76,-0.6068625649822196
4.77,-0.6068299286391678
4.78,-0.6067971799872585
4.79,-0.6067643182108156
4.80,-0.6067313424853035
4.81,-0.6066982519771984
4.82,-0.6066650458438577
4.83,-0.6066317232333862
4.84,-0.6065982832845018
4.85,-0.6065647251263968
4.86,-0.6065310478785974
4.87,-0.6064972506508209
4.88,-0.6064633325428302
4.89,-0.6064292926442847
4.90,-0.6063951300345894
4.91,-0.6063608437827415
4.92,-0.6063264329471721
4.93,-0.6062918965755879
4.94,-0.606257233704807
4.95,-0.6062224433605937
4.96,-0.606187524557489
4.97,-0.6061524762986386
4.98,-0.6061172975756163
4.99,-0.6060819873682461
5.00,-0.6060465446444185
5.01,-0.6060109683599058
5.02,-0.6059752574581703
5.03,-0.6059394108701734
5.04,-0.6059034275141759
5.05,-0.6058673062955391
5.06,-0.6058310461065175
5.07,-0.6057946458260517
5.08,-0.6057581043195532
5.09,-0.6057214204386884
5.10,-0.6056845930211553
5.11,-0.6056476208904579
5.12,-0.6056105028556744
5.13,-0.605573237711222
5.14,-0.6055358242366158
5.15,-0.6054982611962239
5.16,-0.6054605473390161
5.17,-0.605422681398309
5.18,-0.6053846620915035
5.19,-0.6053464881198202
5.20,-0.6053081581680253
5.21,-0.6052696709041547
5.22,-0.6052310249792285
5.23,-0.6051922190269627
5.24,-0.605153251663473
5.25,-0.6051141214869717
5.26,-0.6050748270774606
5.27,-0.6050353669964146
5.28,-0.6049957397864596
5.29,-0.6049559439710444
5.30,-0.6049159780541027
5.31,-0.6048758405197111
5.32,-0.6048355298317369
5.33,-0.6047950444334793
5.34,-0.6047543827473026
5.35,-0.604713543174261
5.36,-0.6046725240937146
5.37,-0.6046313238629382
5.38,-0.6045899408167194
5.39,-0.6045483732669488
5.40,-0.6045066195022006
5.41,-0.6044646777873037
5.42,-0.6044225463629024
5.43,-0.6043802234450074
5.44,-0.6043377072245366
5.45,-0.6042949958668448
5.46,-0.6042520875112425
5.47,-0.6042089802705034
5.48,-0.6041656722303602
5.49,-0.6041221614489889
5.50,-0.6040784459564801
5.51,-0.6040345237542977
5.52,-0.6039903928147254
5.53,-0.6039460510802994
5.54,-0.6039014964632263
5.55,-0.6038567268447885
5.56,-0.6038117400747343
5.57,-0.6037665339706516
5.58,-0.6037211063173296
5.59,-0.6036754548661004
5.60,-0.6036295773341673
5.61,-0.6035834714039149
5.62,-0.6035371347222016
5.63,-0.6034905648996354
5.64,-0.6034437595098294
5.65,-0.6033967160886404
5.66,-0.603349432133386
5.67,-0.6033019051020423
5.68,-0.6032541324124212
5.69,-0.6032061114413252
5.70,-0.6031578395236806
5.71,-0.6031093139516485
5.72,-0.6030605319737102
5.73,-0.6030114907937306
5.74,-0.6029621875699951
5.75,-0.6029126194142207
5.76,-0.6028627833905409
5.77,-0.6028126765144628
5.78,-0.6027622957517945
5.79,-0.6027116380175455
5.80,-0.6026607001747939
5.81,-0.6026094790335245
5.82,-0.6025579713494327
5.83,-0.6025061738226964
5.84,-0.6024540830967112
5.85,-0.6024016957567919
5.86,-0.6023490083288354
5.87,-0.602296017277946
5.88,-0.6022427190070208
5.89,-0.6021891098552934
5.90,-0.6021351860968371
5.91,-0.6020809439390219
5.92,-0.6020263795209267
5.93,-0.6019714889117058
5.94,-0.6019162681089044
5.95,-0.6018607130367257
5.96,-0.6018048195442436
5.97,-0.6017485834035634
5.98,-0.6016920003079246
5.99,-0.601635065869746
6.00,-0.6015777756186114
6.01,-0.6015201249991906
6.02,-0.6014621093690982
6.03,-0.6014037239966823
6.04,-0.6013449640587456
6.05,-0.6012858246381929
6.06,-0.6012263007216035
6.07,-0.6011663871967253
6.08,-0.6011060788498883
6.09,-0.6010453703633333
6.10,-0.6009842563124534
6.11,-0.6009227311629446
6.12,-0.600860789267861
6.13,-0.6007984248645732
6.14,-0.600735632071623
6.15,-0.6006724048854724
6.16,-0.6006087371771426
6.17,-0.6005446226887367
6.18,-0.6004800550298433
6.19,-0.6004150276738157
6.20,-0.6003495339539203
6.21,-0.6002835670593505
6.22,-0.6002171200310991
6.23,-0.6001501857576844
6.24,-0.6000827569707229
6.25,-0.6000148262403417
6.26,-0.5999463859704256
6.27,-0.5998774283936894
6.28,-0.5998079455665699
6.29,-0.5997379293639277
6.30,-0.5996673714735516
6.31,-0.5995962633904581
6.32,-0.5995245964109731
6.33,-0.5994523616265898
6.34,-0.5993795499175911
6.35,-0.5993061519464253
6.36,-0.5992321581508251
6.37,-0.599157558736656
6.38,-0.5990823436704841
6.39,-0.5990065026718489
6.40,-0.5989300252052254
6.41,-0.5988529004716652
6.42,-0.598775117400096
6.43,-0.5986966646382675
6.44,-0.5986175305433239
6.45,-0.5985377031719858
6.46,-0.5984571702703225
6.47,-0.5983759192630929
6.48,-0.598293937242637
6.49,-0.5982112109572908
6.50,-0.5981277267993044
6.51,-0.5980434707922362
6.52,-0.597958428577797
6.53,-0.5978725854021154
6.54,-0.5977859261013938
6.55,-0.5976984350869253
6.56,-0.5976100963294354
6.57,-0.5975208933427137
6.58,-0.597430809166499
6.59,-0.5973398263485751
6.60,-0.5972479269260363
6.61,-0.5971550924056779
6.62,-0.5970613037434621
6.63,-0.5969665413230092
6.64,-0.5968707849330596
6.65,-0.5967740137438493
6.66,-0.5966762062823375
6.67,-0.5965773404062212
6.68,-0.596477393276667
6.69,-0.5963763413296875
6.70,-0.596274160246083
6.71,-0.5961708249198648
6.72,-0.5960663094250729
6.73,-0.5959605869808897
6.74,-0.5958536299149539
6.75,-0.5957454096247625
6.76,-0.5956358965370483
6.77,-0.5955250600650117
6.78,-0.5954128685632741
6.79,-0.5952992892804165
6.80,-0.5951842883089542
6.81,-0.5950678305325893
6.82,-0.5949498795705743
6.83,-0.5948303977190068
6.84,-0.594709345888863
6.85,-0.5945866835405691
6.86,-0.5944623686148907
6.87,-0.5943363574599123
6.88,-0.5942086047538586
6.89,-0.5940790634234978
6.90,-0.593947684557848
6.91,-0.5938144173168932
6.92,-0.5936792088349953
6.93,-0.5935420041186696
6.94,-0.5934027459383768
6.95,-0.5932613747139573
6.96,-0.5931178283933224
6.97,-0.5929720423239901
6.98,-0.59282394911704
6.99,-0.5926734785030378
7.00,-0.5925205571794682
7.01,-0.5923651086491956
7.02,-0.5922070530494634
7.03,-0.5920463069709317
7.04,-0.5918827832662543
7.05,-0.5917163908476962
7.06,-0.5915470344733131
7.07,-0.5913746145212326
7.08,-0.591199026751626
7.09,-0.5910201620560146
7.10,-0.5908379061936444
7.11,-0.5906521395147728
7.12,-0.5904627366708699
7.13,-0.5902695663119357
7.14,-0.5900724907713888
7.15,-0.5898713657393215
7.16,-0.5896660399253233
7.17,-0.5894563547126097
7.18,-0.5892421438058464
7.19,-0.5890232328758751
7.20,-0.5887994392055655
7.21,-0.5885705713422547
7.22,-0.5883364287637729
7.23,-0.5880968015669173
7.24,-0.5878514701895026
7.25,-0.5876002051798619
7.26,-0.5873427670309739
7.27,-0.5870789061003253
7.28,-0.5868083626413074
7.29,-0.5865308669774401
7.30,-0.5862461398571287
7.31,-0.5859538930340271
7.32,-0.5856538301264157
7.33,-0.5853456478182497
7.34,-0.5850290374744963
7.35,-0.5847036872537302
7.36,-0.5843692848110863
7.37,-0.5840255206936744
7.38,-0.5836720925370954
7.39,-0.5833087101738864
7.40,-0.5829351017600651
7.41,-0.5825510210112728
7.42,-0.5821562556115137
7.43,-0.5817506368109432
7.44,-0.581334050160337
7.45,-0.5809064472354042
7.46,-0.5804678580825586
7.47,-0.5800184039713536
7.48,-0.5795583098750567
7.49,-0.579087915934485
7.50,-0.5786076870138115
7.51,-0.5776711871553556
7.52,-0.576821397297916
7.53,-0.5760501301818091
7.54,-0.5753493154899813
7.55,-0.5747108330478158
7.56,-0.5741263325158765
7.57,-0.5735871026671149
7.58,-0.5730840716186921
7.59,-0.572608013620268
7.60,-0.5721499856226921
7.61,-0.571701919741552
7.62,-0.57125720379038
7.63,-0.5708110617986946
7.64,-0.5703606263146092
7.65,-0.5699047219671851
7.66,-0.569443472726853
7.67,-0.5689778640812411
7.68,-0.5685093549382881
7.69,-0.5680395827166101
7.70,-0.5675701657969264
7.71,-0.5671025871478579
7.72,-0.5666381370583142
7.73,-0.5661778947631961
7.74,-0.5657227333721718
7.75,-0.565273337264238
7.76,-0.5648302249709518
7.77,-0.5643937733559928
7.78,-0.5639642407621592
7.79,-0.5635417879751667
7.80,-0.5631264965614484
7.81,-0.562718384538864
7.82,-0.5623174195498395
7.83,-0.561923529802308
7.84,-0.5615366130735782
7.85,-0.5611565440661004
7.86,-0.5607831803801061
7.87,-0.560416367336846
7.88,-0.560055941853494
7.89,-0.5597017355398122
7.90,-0.5593535771587876
7.91,-0.5590112945691719
7.92,-0.5586747162471268
7.93,-0.5583436724667605
7.94,-0.5580179962048345
7.95,-0.5576975238229325
7.96,-0.5573820955705253
7.97,-0.5570715559442824
7.98,-0.55676575393238
7.99,-0.556464543167164
8.00,-0.5561677820051288
8.01,-0.5558753335496024
8.02,-0.5555870656286037
8.03,-0.5553028507379723
8.04,-0.5550225659579349
8.05,-0.5547460928497031
8.06,-0.5544733173374135
8.07,-0.5542041295796791
8.08,-0.5539384238341739
8.09,-0.5536760983179791
8.10,-0.5534170550658568
8.11,-0.553161199788161
8.12,-0.5529084417297219
8.13,-0.5526586935307386
8.14,-0.5524118710904702
8.15,-0.5521678934343143
8.16,-0.5519266825847067
8.17,-0.5516881634361416
8.18,-0.5514522636345118
8.19,-0.5512189134608839
8.20,-0.5509880457197566
8.21,-0.550759595631802
8.22,-0.5505335007310463
8.23,-0.5503097007664127
8.24,-0.5500881376075333
8.25,-0.5498687551547098
8.26,-0.5496514992528964
8.27,-0.5494363176095673
8.28,-0.5492231597163256
8.29,-0.549011976774106
8.30,-0.5488027216218265
8.31,-0.5485953486683418
8.32,-0.5483898138275517
8.33,-0.5481860744565252
8.34,-0.5479840892965013
8.35,-0.5477838184166304
8.36,-0.5475852231603286
8.37,-0.5473882660941192
8.38,-0.5471929109588398
8.39,-0.5469991226231021
8.40,-0.5468068670388909
8.41,-0.5466161111992003
8.42,-0.5464268230976034
8.43,-0.5462389716896616
8.44,-0.546052526856082
8.45,-0.5458674593675343
8.46,-0.5456837408510481
8.47,-0.5455013437579084
8.48,-0.5453202413329779
8.49,-0.545140407585374
8.50,-0.5449618172604342
8.51,-0.5447844458129059
8.52,-0.5446082693813004
8.53,-0.5444332647633549
8.54,-0.5442594093925479
8.55,-0.5440866813156158
8.56,-0.5439150591710237
8.57,-0.5437445221683436
8.58,-0.5435750500684964
8.59,-0.5434066231648162
8.60,-0.5432392222648987
8.61,-0.5430728286731944
8.62,-0.5429074241743145
8.63,-0.5427429910170128
8.64,-0.5425795118988153
8.65,-0.5424169699512633
8.66,-0.5422553487257474
8.67,-0.5420946321798982
8.68,-0.5419348046645146
8.69,-0.5417758509110016
8.70,-0.5416177560192951
8.71,-0.5414605054462531
8.72,-0.541304084994491
8.73,-0.5411484808016417
8.74,-0.5409936793300216
8.75,-0.540839667356686
8.76,-0.5406864319638541
8.77,-0.5405339605296905
8.78,-0.540382240719425
8.79,-0.540231260476799
8.80,-0.5400810080158226
8.81,-0.5399314718128291
8.82,-0.5397826405988155
8.83,-0.539634503352057
8.84,-0.5394870492909817
8.85,-0.5393402678672987
8.86,-0.5391941487593656
8.87,-0.5390486818657867
8.88,-0.5389038572992335
8.89,-0.5387596653804774
8.90,-0.5386160966326262
8.91,-0.538473141775556
8.92,-0.5383307917205318
8.93,-0.538189037565008
8.94,-0.5380478705876024
8.95,-0.5379072822432367
8.96,-0.5377672641584378
8.97,-0.5376278081267913
8.98,-0.5374889061045451
8.99,-0.5373505502063536
9.00,-0.5372127327011591
9.01,-0.5370754460082061
9.02,-0.5369386826931802
9.03,-0.5368024354644713
9.04,-0.5366666971695517
9.05,-0.5365314607914704
9.06,-0.5363967194454528
9.07,-0.5362624663756081
9.08,-0.5361286949517371
9.09,-0.5359953986662358
9.10,-0.5358625711310958
9.11,-0.5357302060749929
9.12,-0.535598297340464
9.13,-0.5354668388811683
9.14,-0.5353358247592299
9.15,-0.5352052491426577
9.16,-0.5350751063028426
9.17,-0.5349453906121269
9.18,-0.5348160965414441
9.19,-0.5346872186580274
9.20,-0.5345587516231833
9.21,-0.5344306901901297
9.22,-0.5343030292018942
9.23,-0.5341757635892732
9.24,-0.534048888368847
9.25,-0.5339223986410514
9.26,-0.5337962895883022
9.27,-0.5336705564731717
9.28,-0.5335451946366165
9.29,-0.5334201994962519
9.30,-0.5332955665446741
9.31,-0.5331712913478295
9.32,-0.5330473695434242
9.33,-0.5329237968393806
9.34,-0.5328005690123316
9.35,-0.5326776819061563
9.36,-0.5325551314305548
9.37,-0.5324329135596593
9.38,-0.5323110243306823
9.39,-0.5321894598425997
9.40,-0.5320682162548681
9.41,-0.531947289786175
9.42,-0.5318266767132209
9.43,-0.5317063733695334
9.44,-0.5315863761443098
9.45,-0.5314666814812902
9.46,-0.5313472858776589
9.47,-0.5312281858829726
9.48,-0.5311093780981154
9.49,-0.5309908591742806
9.50,-0.5308726258119764
9.51,-0.5307546747600567
9.52,-0.5306370028147757
9.53,-0.5305196068188651
9.54,-0.5304024836606338
9.55,-0.5302856302730893
9.56,-0.5301690436330802
9.57,-0.5300527207604588
9.58,-0.529936658717265
9.59,-0.5298208546069274
9.60,-0.5297053055734846
9.61,-0.529590008800825
9.62,-0.529474961511943
9.63,-0.5293601609682137
9.64,-0.5292456044686845
9.65,-0.5291312893493818
9.66,-0.5290172129826343
9.67,-0.5289033727764125
9.68,-0.528789766173682
9.69,-0.5286763906517717
9.70,-0.5285632437217574
9.71,-0.5284503229278575
9.72,-0.5283376258468434
9.73,-0.5282251500874628
9.74,-0.5281128932898754
9.75,-0.5280008531251017
9.76,-0.5278890272944832
9.77,-0.5277774135291549
9.78,-0.5276660095895293
9.79,-0.5275548132647914
9.80,-0.5274438223724047
9.81,-0.5273330347576279
9.82,-0.527222448293042
9.83,-0.527112060878087
9.84,-0.5270018704386099
9.85,-0.5268918749264199
9.86,-0.5267820723188554
9.87,-0.526672460618359
9.88,-0.5265630378520609
9.89,-0.526453802071372
9.90,-0.5263447513515853
9.91,-0.5262358837914846
9.92,-0.5261271975129626
9.93,-0.5260186906606458
9.94,-0.5259103614015279
9.95,-0.5258022079246102
9.96,-0.5256942284405487
9.97,-0.5255864211813103
9.98,-0.5254787843998334
9.99,-0.5253713163696977
10.00,-0.5252640153847988
10.01,-0.5251568797590301
10.02,-0.5250499078259714
10.03,-0.5249430979385824
10.04,-0.5248364484689039
10.05,-0.5247299578077634
10.06,-0.5246236243644877
10.07,-0.5245174465666199
10.08,-0.524411422859643
10.09,-0.524305551706708
10.10,-0.5241998315883682
10.11,-0.5240942610023175
10.12,-0.5239888384631347
10.13,-0.5238835625020322
10.14,-0.5237784316666094
10.15,-0.5236734445206113
10.16,-0.5235685996436911
10.17,-0.5234638956311777
10.18,-0.5233593310938474
10.19,-0.5232549046576997
10.20,-0.5231506149637383
10.21,-0.5230464606677538
10.22,-0.5229424404401138
10.23,-0.5228385529655541
10.24,-0.5227347969429751
10.25,-0.5226311710852414
10.26,-0.5225276741189855
10.27,-0.5224243047844151
10.28,-0.5223210618351235
10.29,-0.5222179440379034
10.30,-0.5221149501725652
10.31,-0.5220120790317566
10.32,-0.5219093294207879
10.33,-0.5218067001574582
10.34,-0.5217041900718861
10.35,-0.5216017980063425
10.36,-0.521499522815088
10.37,-0.521397363364211
10.38,-0.52129531853147
10.39,-0.521193387206139
10.40,-0.5210915682888543
10.41,-0.5209898606914656
10.42,-0.5208882633368883
10.43,-0.5207867751589591
10.44,-0.5206853951022943
10.45,-0.5205841221221501
10.46,-0.5204829551842856
10.47,-0.5203818932648276
10.48,-0.5202809353501394
10.49,-0.5201800804366895
10.50,-0.5200793275309245
10.51,-0.519978675649143
10.52,-0.5198781238173728
10.53,-0.5197776710712487
10.54,-0.5196773164558939
10.55,-0.5195770590258022
10.56,-0.5194768978447233
10.57,-0.5193768319855492
10.58,-0.5192768605302027
10.59,-0.519176982569528
10.60,-0.5190771972031836
10.61,-0.5189775035395352
10.62,-0.5188779006955531
10.63,-0.5187783877967089
10.64,-0.5186789639768756
10.65,-0.518579628378228
10.66,-0.5184803801511461
10.67,-0.5183812184541189
10.68,-0.5182821424536509
10.69,-0.5181831513241695
10.70,-0.5180842442479336
10.71,-0.5179854204149451
10.72,-0.51788667902286
10.73,-0.5177880192769025
10.74,-0.5176894403897799
10.75,-0.5175909415815987
10.76,-0.5174925220797825
10.77,-0.517394181118991
10.78,-0.5172959179410409
10.79,-0.5171977317948269
10.80,-0.5170996219362447
10.81,-0.5170015876281165
10.82,-0.5169036281401149
10.83,-0.5168057427486906
10.84,-0.5167079307370002
10.85,-0.5166101913948352
10.86,-0.5165125240185523
10.87,-0.5164149279110049
10.88,-0.5163174023814754
10.89,-0.5162199467456094
10.90,-0.5161225603253496
10.91,-0.5160252424488726
10.92,-0.5159279924505247
10.93,-0.5158308096707606
10.94,-0.5157336934560817
10.95,-0.5156366431589765
10.96,-0.5155396581378611
10.97,-0.5154427377570212
10.98,-0.515345881386555
10.99,-0.5152490884023164
11.00,-0.5151523581858605
11.01,-0.5150556901243883
11.02,-0.5149590836106936
11.03,-0.5148625380431104
11.04,-0.5147660528254607
11.05,-0.5146696273670041
11.06,-0.5145732610823869
11.07,-0.5144769533915936
11.08,-0.5143807037198977
11.09,-0.5142845114978151
11.10,-0.5141883761610555
11.11,-0.5140922971504779
11.12,-0.5139962739120445
11.13,-0.5139003058967759
11.14,-0.5138043925607081
11.15,-0.5137085333648481
11.16,-0.5136127277751329
11.17,-0.5135169752623867
11.18,-0.5134212753022802
11.19,-0.5133256273752909
11.20,-0.5132300309666623
11.21,-0.5131344855663662
11.22,-0.5130389906690636
11.23,-0.5129435457740672
11.24,-0.5128481503853046
11.25,-0.5127528040112819
11.26,-0.5126575061650473
11.27,-0.5125622563641574
11.28,-0.5124670541306413
11.29,-0.512371898990967
11.30,-0.5122767904760089
11.31,-0.5121817281210139
11.32,-0.5120867114655699
11.33,-0.5119917400535743
11.34,-0.5118968134332023
11.35,-0.5118019311568771
11.36,-0.5117070927812398
11.37,-0.5116122978671196
11.38,-0.5115175459795054
11.39,-0.5114228366875172
11.40,-0.5113281695643785
11.41,-0.5112335441873888
11.42,-0.5111389601378965
11.43,-0.5110444170012735
11.44,-0.5109499143668884
11.45,-0.5108554518280819
11.46,-0.5107610289821413
11.47,-0.5106666454302766
11.48,-0.5105723007775969
11.49,-0.5104779946330859
11.50,-0.51038372660958
11.51,-0.5102894963237451
11.52,-0.510195303396055
11.53,-0.5101011474507695
11.54,-0.5100070281159133
11.55,-0.5099129450232548
11.56,-0.5098188978082868
11.57,-0.5097248861102057
11.58,-0.509630909571892
11.59,-0.509536967839892
11.60,-0.5094430605643983
11.61,-0.5093491873992317
11.62,-0.5092553480018244
11.63,-0.5091615420332006
11.64,-0.5090677691579613
11.65,-0.5089740290442661
11.66,-0.5088803213638186
11.67,-0.5087866457918484
11.68,-0.5086930020070974
11.69,-0.5085993896918038
11.70,-0.5085058085316874
11.71,-0.5084122582159348
11.72,-0.5083187384371864
11.73,-0.5082252488915214
11.74,-0.5081317892784454
11.75,-0.5080383593008768
11.76,-0.5079449586651348
11.77,-0.507851587080926
11.78,-0.5077582442613338
11.79,-0.5076649299228057
11.80,-0.5075716437851423
11.81,-0.5074783855714868
11.82,-0.5073851550083138
11.83,-0.507291951825419
11.84,-0.5071987757559095
11.85,-0.5071056265361944
11.86,-0.5070125039059745
11.87,-0.5069194076082342
11.88,-0.5068263373892323
11.89,-0.506733292998494
11.90,-0.5066402741888024
11.91,-0.5065472807161906
11.92,-0.506454312339935
11.93,-0.5063613688225469
11.94,-0.5062684499297668
11.95,-0.5061755554305573
11.96,-0.5060826850970963
11.97,-0.5059898387047719
11.98,-0.5058970160321762
11.99,-0.5058042168610997
12.00,-0.5057114409765264
12.01,-0.505618688166629
12.02,-0.5055259582227642
12.03,-0.5054332509394683
12.04,-0.5053405661144532
12.05,-0.5052479035486028
12.06,-0.5051552630459692
12.07,-0.50506264441377
12.08,-0.5049700474623846
12.09,-0.5048774720053524
12.10,-0.5047849178593694
12.11,-0.504692384844287
12.12,-0.5045998727831095
12.13,-0.5045073815019926
12.14,-0.504414910830242
12.15,-0.5043224606003127
12.16,-0.5042300306478072
12.17,-0.5041376208114758
12.18,-0.5040452309332161
12.19,-0.503952860858072
12.20,-0.5038605104342353
12.21,-0.5037681795130446
12.22,-0.5036758679489873
12.23,-0.5035835755996992
12.24,-0.5034913023259666
12.25,-0.5033990479917272
12.26,-0.5033068124640715
12.27,-0.5032145956132452
12.28,-0.503122397312651
12.29,-0.5030302174388505
12.30,-0.5029380558715674
12.31,-0.5028459124936899
12.32,-0.502753787191274
12.33,-0.5026616798535458
12.34,-0.5025695903729065
12.35,-0.5024775186449348
12.36,-0.5023854645683914
12.37,-0.5022934280452229
12.38,-0.5022014089805663
12.39,-0.5021094072827534
12.40,-0.5020174228633162
12.41,-0.5019254556369909
12.42,-0.501833505521724
12.43,-0.5017415724386773
12.44,-0.5016496563122339
12.45,-0.5015577570700039
12.46,-0.5014658746428304
12.47,-0.5013740089647959
12.48,-0.5012821599732289
12.49,-0.5011903276087107
12.50,-0.5010985118150821
12.51,-0.5010067125394507
12.52,-0.5009149297321981
12.53,-0.5008231633469877
12.54,-0.5007314133407724
12.55,-0.5006396796738022
12.56,-0.5005479623096332
12.57,-0.5004562612151348
12.58,-0.5003645763604991
12.59,-0.5002729077192499
12.60,-0.5001812552682507
12.61,-0.5000896189877144
12.62,-0.4999979988612127
12.63,-0.49990639487568556
12.64,-0.4998148070214508
12.65,-0.4997232352922143
12.66,-0.49963167968507965
12.67,-0.4995401402005589
12.68,-0.4994486168425828
12.69,-0.49935710961851154
12.70,-0.4992656185391454
12.71,-0.4991741436187362
12.72,-0.499082684874998
12.73,-0.49899124232911896
12.74,-0.4988998160057724
12.75,-0.4988084059331291
12.76,-0.4987170121428686
12.77,-0.49862563467019194
12.78,-0.4985342735538334
12.79,-0.4984429288360731
12.80,-0.49835160056274974
12.81,-0.4982602887832731
12.82,-0.4981689935506371
12.83,-0.49807771492143305
12.84,-0.4979864529558626
12.85,-0.49789520771775136
12.86,-0.49780397927456244
12.87,-0.4977127676974102
12.88,-0.4976215730610739
12.89,-0.49753039544401223
12.90,-0.49743923492837705
12.91,-0.4973480916000279
12.92,-0.4972569655485465
12.93,-0.4971658568672515
12.94,-0.497074765653213
12.95,-0.49698369200726766
12.96,-0.4968926360340338
12.97,-0.4968015978419265
12.98,-0.4967105775431729
12.99,-0.4966195752538278
13.00,-0.49652859109378944
13.01,-0.4964376251868146
13.02,-0.4963466776605353
13.03,-0.49625574864647415
13.04,-0.49616483828006086
13.05,-0.49607394670064814
13.06,-0.4959830740515284
13.07,-0.49589222047995013
13.08,-0.49580138613713426
13.09,-0.4957105711782911
13.10,-0.49561977576263716
13.11,-0.49552900005341194
13.12,-0.4954382442178949
13.13,-0.49534750842742287
13.14,-0.495256792857407
13.15,-0.4951660976873501
13.16,-0.4950754231008642
13.17,-0.494984769285688
13.18,-0.4948941364337044
13.19,-0.494803524740958
13.20,-0.49471293440767333
13.21,-0.49462236563827217
13.22,-0.49453181864139184
13.23,-0.49444129362990286
13.24,-0.49435079082092737
13.25,-0.49426031043585666
13.26,-0.4941698527003701
13.27,-0.49407941784445264
13.28,-0.4939890061024136
13.29,-0.4938986177129048
13.30,-0.4938082529189388
13.31,-0.4937179119679077
13.32,-0.49362759511160137
13.33,-0.4935373026062257
13.34,-0.4934470347124217
13.35,-0.4933567916952836
13.36,-0.49326657382437766
13.37,-0.4931763813737606
13.38,-0.4930862146219983
13.39,-0.49299607385218464
13.40,-0.49290595935195963
13.41,-0.4928158714135286
13.42,-0.49272581033368046
13.43,-0.4926357764138064
13.44,-0.49254576995991867
13.45,-0.4924557912826688
13.46,-0.4923658406973668
13.47,-0.49227591852399893
13.48,-0.49218602508724696
13.49,-0.49209616071650597
13.50,-0.4920063257459034
13.51,-0.491916520514317
13.52,-0.4918267453653934
13.53,-0.4917370006475662
13.54,-0.49164728671407437
13.55,-0.49155760392298037
13.56,-0.49146795263718807
13.57,-0.4913783332244609
13.58,-0.49128874605743955
13.59,-0.4911991915136601
13.60,-0.49110966997557143
13.61,-0.49102018183055296
13.62,-0.490930727470932
13.63,-0.4908413072940015
13.64,-0.49075192170203674
13.65,-0.4906625711023128
13.66,-0.49057325590712175
13.67,-0.49048397653378883
13.68,-0.49039473340468975
13.69,-0.4903055269472668
13.70,-0.4902163575940455
13.71,-0.4901272257826508
13.72,-0.49003813195582246
13.73,-0.48994907656143194
13.74,-0.48986006005249705
13.75,-0.4897710828871979
